batch_id,timestamp,customer_id,file_type,record_count,valid_records,failed_records,status,validation_layer_failed,processing_time_ms,schema_version
BATCH-0165,2026-02-09T00:47:11,CUS-104,TSV,1014,551,463,WARNING_PROCEED,,17858,v3.1
BATCH-0463,2026-02-09T00:49:25,CUS-105,CSV,1322,1322,0,SUCCESS,,6325,v3.2
BATCH-0045,2026-02-09T01:15:30,CUS-105,CSV,4765,4765,0,SUCCESS,,13542,v3.3
BATCH-0093,2026-02-09T01:20:50,CUS-101,XLSX,3578,3578,0,SUCCESS,,10340,v2.4
BATCH-0241,2026-02-09T02:22:35,CUS-101,XLSX,151,84,67,WARNING_PROCEED,,26214,v2.4
BATCH-0071,2026-02-09T02:25:31,CUS-101,CSV,4660,4660,0,SUCCESS,,20712,v2.1
BATCH-0105,2026-02-09T03:15:56,CUS-105,XML,3089,3089,0,SUCCESS,,44740,v3.4
BATCH-0020,2026-02-09T03:42:27,CUS-103,TSV,493,493,0,SUCCESS,,44929,v2.0
BATCH-0473,2026-02-09T04:00:31,CUS-102,XLSX,4132,4132,0,SUCCESS,,25139,v3.0
BATCH-0185,2026-02-09T04:45:21,CUS-104,TSV,4273,4273,0,SUCCESS,,9960,v3.4
BATCH-0074,2026-02-09T05:00:26,CUS-104,TSV,1946,1946,0,SUCCESS,,19681,v3.3
BATCH-0243,2026-02-09T05:27:17,CUS-104,XLSX,680,680,0,SUCCESS,,24466,v3.1
BATCH-0429,2026-02-09T05:30:57,CUS-105,CSV,4403,2980,1423,WARNING_PROCEED,,8501,v2.3
BATCH-0321,2026-02-09T05:38:20,CUS-105,XML,902,825,77,VALIDATION_FAILED,BUSINESS_RULE,22503,v2.1
BATCH-0036,2026-02-09T05:47:59,CUS-103,TSV,2082,1138,944,BLOCKER,SCHEMA,25870,v2.3
BATCH-0403,2026-02-09T05:50:16,CUS-105,CSV,1914,1914,0,SUCCESS,,17750,v3.3
BATCH-0437,2026-02-09T06:32:25,CUS-103,CSV,93,93,0,SUCCESS,,6769,v2.3
BATCH-0051,2026-02-09T06:53:26,CUS-104,CSV,4766,2903,1863,WARNING_PROCEED,,1186,v3.2
BATCH-0157,2026-02-09T06:56:02,CUS-103,XLSX,4498,4498,0,SUCCESS,,31824,v3.0
BATCH-0009,2026-02-09T06:58:36,CUS-103,XML,3291,2917,374,VALIDATION_FAILED,API_CONTRACT,10163,v3.1
BATCH-0289,2026-02-09T07:05:59,CUS-104,CSV,500,500,0,SUCCESS,,21069,v2.0
BATCH-0307,2026-02-09T07:08:12,CUS-104,XLSX,738,531,207,VALIDATION_FAILED,AI_SEMANTIC,5714,v2.0
BATCH-0151,2026-02-09T07:26:40,CUS-105,TSV,4144,4144,0,SUCCESS,,39907,v2.4
BATCH-0039,2026-02-09T08:11:37,CUS-103,CSV,3609,3609,0,SUCCESS,,23454,v3.3
BATCH-0225,2026-02-09T08:35:59,CUS-105,TSV,1657,1657,0,SUCCESS,,22418,v2.3
BATCH-0410,2026-02-09T09:42:04,CUS-103,CSV,4806,4806,0,SUCCESS,,32728,v3.2
BATCH-0327,2026-02-09T10:13:12,CUS-104,XLSX,2486,1319,1167,VALIDATION_FAILED,SCHEMA,26549,v3.1
BATCH-0413,2026-02-09T10:15:50,CUS-102,TSV,2994,2994,0,SUCCESS,,9601,v3.3
BATCH-0114,2026-02-09T10:38:09,CUS-101,XML,4845,4845,0,SUCCESS,,36737,v3.3
BATCH-0328,2026-02-09T11:00:27,CUS-101,XLSX,4966,3298,1668,BLOCKER,SCHEMA,2486,v2.1
BATCH-0263,2026-02-09T11:00:31,CUS-102,XML,4650,3152,1498,BLOCKER,API_CONTRACT,27613,v3.3
BATCH-0480,2026-02-09T11:41:09,CUS-105,CSV,1956,1956,0,SUCCESS,,21557,v3.3
BATCH-0277,2026-02-09T11:42:57,CUS-102,CSV,2552,2552,0,SUCCESS,,16144,v3.0
BATCH-0285,2026-02-09T11:59:20,CUS-102,TSV,4706,2971,1735,WARNING_PROCEED,,36606,v2.3
BATCH-0148,2026-02-09T12:32:23,CUS-102,TSV,3121,1633,1488,TIMEOUT,AI_SEMANTIC,126493,v3.1
BATCH-0306,2026-02-09T12:54:28,CUS-105,XML,884,884,0,SUCCESS,,9961,v2.0
BATCH-0458,2026-02-09T13:07:22,CUS-105,XML,4460,4460,0,SUCCESS,,12238,v3.2
BATCH-0196,2026-02-09T13:21:45,CUS-104,CSV,1176,473,703,VALIDATION_FAILED,BUSINESS_RULE,27467,v3.3
BATCH-0027,2026-02-09T13:42:37,CUS-105,XLSX,1723,1323,400,WARNING_PROCEED,,21390,v2.2
BATCH-0078,2026-02-09T13:47:20,CUS-105,XLSX,1925,1925,0,SUCCESS,,44990,v2.2
BATCH-0189,2026-02-09T14:20:26,CUS-102,TSV,3411,2305,1106,VALIDATION_FAILED,API_CONTRACT,4881,v2.4
BATCH-0444,2026-02-09T16:16:56,CUS-105,XLSX,3139,2227,912,VALIDATION_FAILED,BUSINESS_RULE,23060,v3.3
BATCH-0288,2026-02-09T16:58:13,CUS-102,XLSX,591,591,0,SUCCESS,,21127,v3.1
BATCH-0072,2026-02-09T17:48:26,CUS-105,XML,3166,2050,1116,PARSE_ERROR,API_CONTRACT,20287,v3.2
BATCH-0098,2026-02-09T18:55:43,CUS-101,TSV,2394,1979,415,BLOCKER,BUSINESS_RULE,40584,v3.1
BATCH-0092,2026-02-09T19:04:15,CUS-103,XML,3605,3381,224,PARSE_ERROR,SCHEMA,29876,v2.2
BATCH-0440,2026-02-09T19:32:33,CUS-102,XML,2996,1592,1404,VALIDATION_FAILED,SCHEMA,11118,v2.2
BATCH-0195,2026-02-09T19:47:37,CUS-102,XML,4400,4400,0,SUCCESS,,15589,v2.0
BATCH-0146,2026-02-09T20:30:55,CUS-103,CSV,4276,3712,564,VALIDATION_FAILED,AI_SEMANTIC,6296,v2.2
BATCH-0499,2026-02-09T20:49:40,CUS-104,CSV,387,387,0,SUCCESS,,21726,v2.2
BATCH-0384,2026-02-09T20:53:43,CUS-105,CSV,3740,2436,1304,PARSE_ERROR,BUSINESS_RULE,33491,v2.4
BATCH-0135,2026-02-09T20:55:54,CUS-101,TSV,4590,4590,0,SUCCESS,,3488,v3.4
BATCH-0124,2026-02-09T21:05:17,CUS-104,TSV,3671,3671,0,SUCCESS,,27943,v3.1
BATCH-0364,2026-02-09T21:06:41,CUS-101,CSV,3464,2232,1232,VALIDATION_FAILED,SCHEMA,36666,v3.3
BATCH-0006,2026-02-09T21:14:49,CUS-103,CSV,877,534,343,WARNING_PROCEED,,30514,v3.1
BATCH-0075,2026-02-09T21:14:59,CUS-103,XML,4511,4511,0,SUCCESS,,15533,v2.2
BATCH-0299,2026-02-09T21:24:54,CUS-103,CSV,2001,2001,0,SUCCESS,,28313,v3.0
BATCH-0167,2026-02-09T21:54:20,CUS-103,CSV,2428,2428,0,SUCCESS,,20457,v2.1
BATCH-0290,2026-02-09T22:08:44,CUS-101,XML,2890,2890,0,SUCCESS,,35075,v3.1
BATCH-0279,2026-02-09T22:21:52,CUS-101,TSV,3963,1739,2224,VALIDATION_FAILED,API_CONTRACT,6654,v2.0
BATCH-0433,2026-02-09T22:47:50,CUS-101,CSV,3122,3122,0,SUCCESS,,43696,v2.2
BATCH-0201,2026-02-09T23:21:50,CUS-103,XML,3371,3371,0,SUCCESS,,28829,v3.0
BATCH-0056,2026-02-09T23:34:03,CUS-103,XML,379,308,71,VALIDATION_FAILED,BUSINESS_RULE,13865,v2.4
BATCH-0405,2026-02-09T23:37:02,CUS-101,XLSX,919,514,405,WARNING_PROCEED,,20549,v2.2
BATCH-0368,2026-02-10T00:00:42,CUS-101,CSV,4097,1974,2123,BLOCKER,SCHEMA,34335,v2.0
BATCH-0018,2026-02-10T00:04:45,CUS-101,XML,307,307,0,SUCCESS,,22454,v2.4
BATCH-0149,2026-02-10T01:18:58,CUS-104,XML,3892,2517,1375,PARSE_ERROR,SCHEMA,5992,v2.2
BATCH-0342,2026-02-10T01:29:03,CUS-103,XML,3852,1275,2577,VALIDATION_FAILED,BUSINESS_RULE,33903,v2.1
BATCH-0472,2026-02-10T01:34:01,CUS-102,CSV,1074,1074,0,SUCCESS,,29532,v2.1
BATCH-0390,2026-02-10T01:42:03,CUS-102,XLSX,1368,1287,81,PARSE_ERROR,AI_SEMANTIC,10396,v2.2
BATCH-0237,2026-02-10T02:21:38,CUS-105,TSV,2723,1133,1590,WARNING_PROCEED,,18712,v3.3
BATCH-0467,2026-02-10T02:28:19,CUS-103,TSV,2536,949,1587,VALIDATION_FAILED,BUSINESS_RULE,1491,v2.2
BATCH-0096,2026-02-10T02:28:22,CUS-105,XLSX,3525,2748,777,VALIDATION_FAILED,API_CONTRACT,20599,v2.3
BATCH-0108,2026-02-10T03:54:52,CUS-104,CSV,4941,4615,326,VALIDATION_FAILED,SCHEMA,22656,v2.1
BATCH-0150,2026-02-10T04:35:46,CUS-105,TSV,2410,2410,0,SUCCESS,,16373,v3.0
BATCH-0227,2026-02-10T04:46:34,CUS-104,XML,4491,4242,249,WARNING_PROCEED,,4649,v2.0
BATCH-0423,2026-02-10T05:10:23,CUS-105,CSV,3446,2915,531,VALIDATION_FAILED,SCHEMA,32356,v3.3
BATCH-0172,2026-02-10T05:20:59,CUS-102,XLSX,4300,3836,464,WARNING_PROCEED,,5968,v3.1
BATCH-0037,2026-02-10T06:52:58,CUS-104,XLSX,1914,1914,0,SUCCESS,,15409,v2.1
BATCH-0057,2026-02-10T07:08:30,CUS-101,XML,2149,2149,0,SUCCESS,,24975,v2.4
BATCH-0050,2026-02-10T07:24:44,CUS-102,XML,3389,3389,0,SUCCESS,,22484,v3.3
BATCH-0464,2026-02-10T07:47:18,CUS-104,XML,1447,1447,0,SUCCESS,,2672,v2.2
BATCH-0031,2026-02-10T08:07:56,CUS-101,XML,1775,1775,0,SUCCESS,,23271,v2.2
BATCH-0220,2026-02-10T08:13:21,CUS-101,TSV,807,560,247,WARNING_PROCEED,,13283,v2.2
BATCH-0310,2026-02-10T08:17:28,CUS-102,CSV,2063,2063,0,SUCCESS,,43220,v3.3
BATCH-0338,2026-02-10T08:25:09,CUS-105,TSV,2765,2765,0,SUCCESS,,16369,v2.3
BATCH-0022,2026-02-10T08:29:15,CUS-101,TSV,4558,2068,2490,BLOCKER,SCHEMA,6912,v2.1
BATCH-0019,2026-02-10T08:42:31,CUS-102,XML,4727,3388,1339,VALIDATION_FAILED,BUSINESS_RULE,31796,v3.1
BATCH-0475,2026-02-10T08:52:24,CUS-101,CSV,2089,1277,812,WARNING_PROCEED,,29829,v2.0
BATCH-0367,2026-02-10T08:53:33,CUS-102,XLSX,2469,1205,1264,VALIDATION_FAILED,API_CONTRACT,14411,v3.2
BATCH-0222,2026-02-10T10:19:58,CUS-101,XML,1011,819,192,WARNING_PROCEED,,32186,v2.4
BATCH-0258,2026-02-10T11:20:12,CUS-104,CSV,4059,4059,0,SUCCESS,,35384,v3.4
BATCH-0238,2026-02-10T11:35:24,CUS-104,XML,3163,1414,1749,VALIDATION_FAILED,AI_SEMANTIC,16951,v2.0
BATCH-0246,2026-02-10T12:20:18,CUS-104,XML,2346,2346,0,SUCCESS,,26551,v3.0
BATCH-0126,2026-02-10T12:38:03,CUS-101,XML,1780,1780,0,SUCCESS,,9793,v3.2
BATCH-0397,2026-02-10T13:34:34,CUS-104,CSV,1797,1797,0,SUCCESS,,44272,v3.2
BATCH-0178,2026-02-10T14:07:17,CUS-104,XML,464,464,0,SUCCESS,,19819,v3.4
BATCH-0063,2026-02-10T14:36:39,CUS-104,XLSX,2712,2712,0,SUCCESS,,12717,v3.1
BATCH-0257,2026-02-10T14:37:27,CUS-104,CSV,1735,959,776,VALIDATION_FAILED,SCHEMA,38637,v2.4
BATCH-0476,2026-02-10T14:47:49,CUS-101,XML,2606,2606,0,SUCCESS,,21972,v2.0
BATCH-0203,2026-02-10T14:48:17,CUS-103,XLSX,4743,2638,2105,VALIDATION_FAILED,BUSINESS_RULE,1549,v2.0
BATCH-0205,2026-02-10T15:09:29,CUS-105,XLSX,4549,4549,0,SUCCESS,,31656,v2.1
BATCH-0316,2026-02-10T15:34:19,CUS-102,TSV,510,510,0,SUCCESS,,16045,v2.0
BATCH-0355,2026-02-10T16:07:55,CUS-104,XLSX,1285,1285,0,SUCCESS,,9802,v2.2
BATCH-0450,2026-02-10T16:17:25,CUS-102,XML,3516,3516,0,SUCCESS,,32147,v2.4
BATCH-0422,2026-02-10T16:25:22,CUS-103,TSV,4999,3346,1653,VALIDATION_FAILED,BUSINESS_RULE,29629,v3.1
BATCH-0229,2026-02-10T16:29:23,CUS-101,TSV,178,71,107,VALIDATION_FAILED,API_CONTRACT,1576,v2.4
BATCH-0391,2026-02-10T17:02:22,CUS-104,CSV,4652,4652,0,SUCCESS,,15500,v3.1
BATCH-0190,2026-02-10T17:20:42,CUS-104,TSV,1468,1468,0,SUCCESS,,30924,v3.4
BATCH-0212,2026-02-10T17:25:33,CUS-102,XML,236,221,15,BLOCKER,API_CONTRACT,44938,v3.4
BATCH-0401,2026-02-10T17:34:00,CUS-101,XML,1796,1572,224,VALIDATION_FAILED,API_CONTRACT,7610,v2.4
BATCH-0283,2026-02-10T17:38:38,CUS-105,XLSX,269,233,36,PARSE_ERROR,AI_SEMANTIC,14264,v2.3
BATCH-0303,2026-02-10T18:06:09,CUS-101,XML,2622,2622,0,SUCCESS,,27441,v2.4
BATCH-0424,2026-02-10T18:10:41,CUS-104,CSV,1097,1097,0,SUCCESS,,38384,v2.1
BATCH-0181,2026-02-10T18:22:03,CUS-101,XLSX,3905,3905,0,SUCCESS,,19526,v2.0
BATCH-0242,2026-02-10T18:33:10,CUS-104,XML,2516,2516,0,SUCCESS,,18390,v3.1
BATCH-0485,2026-02-10T19:18:20,CUS-104,XLSX,4336,4336,0,SUCCESS,,43981,v2.0
BATCH-0231,2026-02-10T19:33:16,CUS-103,XLSX,697,212,485,BLOCKER,BUSINESS_RULE,30880,v2.2
BATCH-0409,2026-02-10T19:53:16,CUS-102,CSV,4697,4697,0,SUCCESS,,4364,v3.4
BATCH-0011,2026-02-10T20:10:50,CUS-104,CSV,4931,4931,0,SUCCESS,,31474,v3.4
BATCH-0478,2026-02-10T20:27:20,CUS-101,XML,4839,2254,2585,PARSE_ERROR,BUSINESS_RULE,1385,v2.4
BATCH-0308,2026-02-10T20:28:51,CUS-102,CSV,2766,1292,1474,WARNING_PROCEED,,31011,v2.1
BATCH-0411,2026-02-10T21:41:15,CUS-101,XLSX,1635,1635,0,SUCCESS,,21626,v3.3
BATCH-0300,2026-02-10T22:17:05,CUS-101,XML,4307,2701,1606,WARNING_PROCEED,,25211,v3.0
BATCH-0234,2026-02-10T22:56:36,CUS-104,XLSX,659,659,0,SUCCESS,,19174,v2.1
BATCH-0462,2026-02-10T23:15:42,CUS-103,CSV,3302,1075,2227,VALIDATION_FAILED,BUSINESS_RULE,7550,v3.4
BATCH-0448,2026-02-10T23:15:55,CUS-103,XML,2095,814,1281,VALIDATION_FAILED,BUSINESS_RULE,41340,v2.0
BATCH-0319,2026-02-10T23:27:50,CUS-104,XLSX,4653,4653,0,SUCCESS,,41020,v3.1
BATCH-0068,2026-02-10T23:30:17,CUS-105,XLSX,1640,923,717,TIMEOUT,AI_SEMANTIC,131759,v3.0
BATCH-0010,2026-02-10T23:35:34,CUS-103,TSV,3321,2204,1117,BLOCKER,BUSINESS_RULE,9865,v2.0
BATCH-0155,2026-02-10T23:42:40,CUS-101,XLSX,2936,2936,0,SUCCESS,,36583,v3.1
BATCH-0122,2026-02-11T00:11:55,CUS-102,TSV,301,301,0,SUCCESS,,6813,v2.3
BATCH-0419,2026-02-11T01:14:48,CUS-104,XML,3076,3076,0,SUCCESS,,16136,v2.1
BATCH-0470,2026-02-11T02:27:40,CUS-102,XLSX,4407,4407,0,SUCCESS,,18417,v3.1
BATCH-0474,2026-02-11T02:53:48,CUS-102,CSV,3264,3264,0,SUCCESS,,5478,v3.1
BATCH-0127,2026-02-11T03:00:31,CUS-104,XML,4412,4412,0,SUCCESS,,15880,v3.0
BATCH-0129,2026-02-11T03:25:01,CUS-103,XML,3819,2512,1307,VALIDATION_FAILED,BUSINESS_RULE,6575,v3.4
BATCH-0239,2026-02-11T04:24:45,CUS-102,TSV,922,922,0,SUCCESS,,6797,v2.2
BATCH-0291,2026-02-11T04:47:49,CUS-103,CSV,290,173,117,BLOCKER,BUSINESS_RULE,18624,v2.3
BATCH-0313,2026-02-11T05:01:20,CUS-105,XML,2351,2351,0,SUCCESS,,4639,v3.4
BATCH-0186,2026-02-11T05:25:39,CUS-103,XLSX,4225,2007,2218,VALIDATION_FAILED,BUSINESS_RULE,35687,v3.0
BATCH-0030,2026-02-11T05:28:53,CUS-105,XLSX,4383,4383,0,SUCCESS,,1312,v3.0
BATCH-0014,2026-02-11T05:34:49,CUS-105,CSV,4052,4052,0,SUCCESS,,2076,v2.2
BATCH-0352,2026-02-11T05:53:42,CUS-105,XML,3906,3906,0,SUCCESS,,9184,v3.4
BATCH-0304,2026-02-11T06:28:19,CUS-104,XLSX,790,384,406,WARNING_PROCEED,,20737,v2.1
BATCH-0495,2026-02-11T07:13:54,CUS-103,CSV,2310,1289,1021,VALIDATION_FAILED,BUSINESS_RULE,6979,v2.2
BATCH-0064,2026-02-11T08:21:17,CUS-105,XLSX,4282,4282,0,SUCCESS,,13321,v2.1
BATCH-0456,2026-02-11T08:35:54,CUS-105,CSV,1388,1388,0,SUCCESS,,4734,v2.2
BATCH-0354,2026-02-11T08:37:18,CUS-104,CSV,4830,4830,0,SUCCESS,,38831,v2.3
BATCH-0323,2026-02-11T08:50:06,CUS-101,CSV,3487,3487,0,SUCCESS,,11701,v3.3
BATCH-0302,2026-02-11T08:54:20,CUS-104,XLSX,2277,2277,0,SUCCESS,,16109,v2.1
BATCH-0398,2026-02-11T09:13:48,CUS-105,TSV,122,56,66,TIMEOUT,AI_SEMANTIC,149207,v2.4
BATCH-0361,2026-02-11T09:29:46,CUS-105,XLSX,1146,1146,0,SUCCESS,,23261,v3.2
BATCH-0322,2026-02-11T10:10:40,CUS-101,XLSX,2222,2222,0,SUCCESS,,14541,v2.0
BATCH-0187,2026-02-11T10:43:07,CUS-104,XLSX,268,195,73,PARSE_ERROR,AI_SEMANTIC,43764,v2.0
BATCH-0339,2026-02-11T11:01:21,CUS-103,XLSX,4077,4077,0,SUCCESS,,7236,v2.1
BATCH-0007,2026-02-11T11:13:42,CUS-103,CSV,1451,1451,0,SUCCESS,,35805,v2.3
BATCH-0164,2026-02-11T11:28:48,CUS-101,XML,3310,3310,0,SUCCESS,,21403,v3.1
BATCH-0067,2026-02-11T11:44:29,CUS-103,XLSX,1038,419,619,VALIDATION_FAILED,BUSINESS_RULE,13421,v2.1
BATCH-0382,2026-02-11T11:53:40,CUS-103,XLSX,425,379,46,SUCCESS,API_CONTRACT,10004,v3.0
BATCH-0267,2026-02-11T11:55:52,CUS-101,TSV,1011,835,176,WARNING_PROCEED,,16328,v2.4
BATCH-0280,2026-02-11T11:56:19,CUS-102,TSV,1140,858,282,PARSE_ERROR,BUSINESS_RULE,5283,v2.4
BATCH-0417,2026-02-11T12:14:57,CUS-105,XLSX,4155,4155,0,SUCCESS,,34250,v2.3
BATCH-0330,2026-02-11T12:23:11,CUS-104,CSV,3859,3859,0,SUCCESS,,18062,v2.2
BATCH-0211,2026-02-11T12:28:55,CUS-104,TSV,4467,4467,0,SUCCESS,,9515,v3.0
BATCH-0252,2026-02-11T12:29:49,CUS-105,XML,251,251,0,SUCCESS,,32438,v2.2
BATCH-0042,2026-02-11T12:44:18,CUS-105,XML,3155,3155,0,SUCCESS,,12205,v3.3
BATCH-0236,2026-02-11T12:48:47,CUS-102,CSV,2883,2883,0,SUCCESS,,4319,v2.3
BATCH-0451,2026-02-11T12:55:43,CUS-102,TSV,4295,2804,1491,WARNING_PROCEED,,1351,v2.1
BATCH-0081,2026-02-11T13:44:31,CUS-103,TSV,4556,2978,1578,VALIDATION_FAILED,BUSINESS_RULE,21412,v3.4
BATCH-0024,2026-02-11T13:44:46,CUS-105,TSV,2480,2480,0,SUCCESS,,15067,v2.4
BATCH-0394,2026-02-11T14:11:43,CUS-101,XML,4259,1983,2276,WARNING_PROCEED,,3463,v3.2
BATCH-0371,2026-02-11T14:39:17,CUS-101,XLSX,1548,716,832,BLOCKER,API_CONTRACT,30719,v3.3
BATCH-0113,2026-02-11T14:41:01,CUS-101,TSV,3542,2753,789,WARNING_PROCEED,,32930,v3.0
BATCH-0387,2026-02-11T14:51:08,CUS-102,TSV,4246,4246,0,SUCCESS,,20389,v3.4
BATCH-0468,2026-02-11T15:34:00,CUS-104,TSV,3576,3576,0,SUCCESS,,19996,v2.0
BATCH-0343,2026-02-11T15:38:28,CUS-102,TSV,2915,2915,0,SUCCESS,,23360,v2.2
BATCH-0432,2026-02-11T15:49:14,CUS-101,XLSX,4504,4504,0,SUCCESS,,27581,v3.1
BATCH-0418,2026-02-11T16:00:42,CUS-102,XML,1199,773,426,PARSE_ERROR,BUSINESS_RULE,37916,v2.3
BATCH-0489,2026-02-11T16:02:46,CUS-101,XLSX,1818,1818,0,SUCCESS,,34844,v2.0
BATCH-0446,2026-02-11T16:34:00,CUS-103,XML,3318,3318,0,SUCCESS,,44951,v3.0
BATCH-0084,2026-02-11T17:00:35,CUS-104,CSV,979,979,0,SUCCESS,,31041,v2.1
BATCH-0269,2026-02-11T17:17:38,CUS-105,XML,2447,2447,0,SUCCESS,,19761,v3.4
BATCH-0381,2026-02-11T17:49:39,CUS-105,TSV,3026,2401,625,VALIDATION_FAILED,SCHEMA,7185,v2.0
BATCH-0273,2026-02-11T18:00:55,CUS-101,TSV,2984,2588,396,VALIDATION_FAILED,API_CONTRACT,15075,v3.1
BATCH-0314,2026-02-11T18:14:10,CUS-101,XML,2233,1548,685,VALIDATION_FAILED,SCHEMA,15179,v3.2
BATCH-0496,2026-02-11T18:15:14,CUS-103,XLSX,3325,3325,0,SUCCESS,,38094,v2.2
BATCH-0297,2026-02-11T18:50:19,CUS-105,XML,4897,4897,0,SUCCESS,,33132,v2.4
BATCH-0383,2026-02-11T19:12:12,CUS-101,TSV,1611,1611,0,SUCCESS,,22946,v2.3
BATCH-0412,2026-02-11T19:42:19,CUS-105,XML,3035,3035,0,SUCCESS,,21531,v3.1
BATCH-0091,2026-02-11T19:44:25,CUS-101,XLSX,4421,2692,1729,WARNING_PROCEED,,21552,v3.4
BATCH-0284,2026-02-11T20:03:50,CUS-102,TSV,2024,2024,0,SUCCESS,,33540,v2.4
BATCH-0407,2026-02-11T20:09:19,CUS-103,CSV,4597,3209,1388,VALIDATION_FAILED,BUSINESS_RULE,10065,v3.4
BATCH-0369,2026-02-11T20:14:29,CUS-103,XLSX,867,867,0,SUCCESS,,12249,v3.2
BATCH-0140,2026-02-11T20:44:42,CUS-104,XML,744,744,0,SUCCESS,,21088,v3.2
BATCH-0287,2026-02-11T20:45:32,CUS-104,TSV,725,545,180,VALIDATION_FAILED,BUSINESS_RULE,18984,v2.2
BATCH-0349,2026-02-11T20:45:57,CUS-103,XML,2018,2018,0,SUCCESS,,4520,v3.2
BATCH-0061,2026-02-11T20:57:53,CUS-104,XML,4324,4324,0,SUCCESS,,43428,v3.4
BATCH-0492,2026-02-11T21:10:34,CUS-105,TSV,2631,1848,783,WARNING_PROCEED,,22076,v3.3
BATCH-0435,2026-02-11T21:25:48,CUS-102,TSV,4617,4617,0,SUCCESS,,32419,v2.2
BATCH-0459,2026-02-11T21:32:31,CUS-104,CSV,2397,2397,0,SUCCESS,,31192,v2.1
BATCH-0347,2026-02-11T21:33:52,CUS-105,TSV,110,110,0,SUCCESS,,34322,v3.4
BATCH-0145,2026-02-11T21:36:28,CUS-104,XLSX,4169,2877,1292,PARSE_ERROR,BUSINESS_RULE,13887,v2.2
BATCH-0376,2026-02-11T21:43:41,CUS-104,XML,4623,4117,506,BLOCKER,SCHEMA,1563,v2.4
BATCH-0144,2026-02-11T21:46:15,CUS-104,XLSX,3727,1970,1757,PARSE_ERROR,BUSINESS_RULE,21081,v3.1
BATCH-0191,2026-02-11T21:49:55,CUS-103,TSV,2069,1263,806,BLOCKER,BUSINESS_RULE,19084,v3.2
BATCH-0219,2026-02-11T22:09:51,CUS-104,CSV,3462,3462,0,SUCCESS,,37322,v2.3
BATCH-0218,2026-02-11T22:26:26,CUS-102,XLSX,4456,4456,0,SUCCESS,,31832,v2.1
BATCH-0100,2026-02-11T23:08:05,CUS-103,XLSX,1488,880,608,BLOCKER,BUSINESS_RULE,35589,v2.2
BATCH-0340,2026-02-11T23:28:49,CUS-103,XLSX,781,393,388,SUCCESS,BUSINESS_RULE,27484,v3.0
BATCH-0089,2026-02-11T23:30:45,CUS-104,TSV,1296,871,425,TIMEOUT,SCHEMA,128273,v3.0
BATCH-0139,2026-02-11T23:54:42,CUS-105,XML,4823,4823,0,SUCCESS,,44290,v2.2
BATCH-0002,2026-02-12T01:01:05,CUS-102,XML,267,267,0,SUCCESS,,37581,v2.4
BATCH-0253,2026-02-12T02:07:53,CUS-102,XLSX,3780,3780,0,SUCCESS,,14357,v3.2
BATCH-0272,2026-02-12T02:40:50,CUS-101,TSV,2329,2329,0,SUCCESS,,24987,v3.3
BATCH-0041,2026-02-12T02:42:58,CUS-103,XLSX,1070,851,219,VALIDATION_FAILED,AI_SEMANTIC,34034,v3.3
BATCH-0254,2026-02-12T03:28:46,CUS-104,XLSX,416,416,0,SUCCESS,,8342,v2.2
BATCH-0028,2026-02-12T04:42:41,CUS-103,TSV,644,644,0,SUCCESS,,1410,v3.4
BATCH-0047,2026-02-12T04:51:29,CUS-105,XLSX,3675,2708,967,WARNING_PROCEED,,33881,v3.4
BATCH-0182,2026-02-12T04:56:16,CUS-103,TSV,3331,3331,0,SUCCESS,,4152,v2.2
BATCH-0454,2026-02-12T05:36:08,CUS-105,XML,2261,1904,357,BLOCKER,API_CONTRACT,25761,v2.1
BATCH-0048,2026-02-12T05:47:55,CUS-104,TSV,2075,2075,0,SUCCESS,,42589,v3.4
BATCH-0198,2026-02-12T05:59:58,CUS-101,TSV,1576,1442,134,PARSE_ERROR,AI_SEMANTIC,3255,v2.2
BATCH-0276,2026-02-12T06:44:58,CUS-102,XLSX,2294,2294,0,SUCCESS,,6917,v3.2
BATCH-0046,2026-02-12T07:09:41,CUS-101,CSV,1842,914,928,PARSE_ERROR,API_CONTRACT,4091,v2.0
BATCH-0213,2026-02-12T07:15:29,CUS-103,XML,974,974,0,SUCCESS,,2911,v3.4
BATCH-0116,2026-02-12T07:26:21,CUS-104,TSV,828,828,0,SUCCESS,,21283,v3.2
BATCH-0003,2026-02-12T07:28:37,CUS-103,CSV,1357,1063,294,PARSE_ERROR,AI_SEMANTIC,19010,v2.1
BATCH-0179,2026-02-12T07:55:57,CUS-102,XLSX,2611,1317,1294,WARNING_PROCEED,,11242,v3.4
BATCH-0274,2026-02-12T08:20:53,CUS-103,XLSX,1119,1119,0,SUCCESS,,37902,v3.2
BATCH-0008,2026-02-12T08:59:40,CUS-105,XML,508,267,241,VALIDATION_FAILED,SCHEMA,21473,v3.2
BATCH-0296,2026-02-12T09:49:54,CUS-103,XLSX,3791,3791,0,SUCCESS,,1322,v3.1
BATCH-0379,2026-02-12T10:07:31,CUS-101,CSV,343,343,0,SUCCESS,,37312,v2.0
BATCH-0055,2026-02-12T10:13:29,CUS-103,XLSX,3155,1744,1411,PARSE_ERROR,API_CONTRACT,17332,v2.3
BATCH-0038,2026-02-12T10:17:55,CUS-101,XLSX,4223,4223,0,SUCCESS,,26993,v3.0
BATCH-0245,2026-02-12T10:28:21,CUS-104,XML,4991,4991,0,SUCCESS,,13963,v3.2
BATCH-0053,2026-02-12T10:42:43,CUS-104,XML,1095,1028,67,WARNING_PROCEED,,35804,v2.3
BATCH-0434,2026-02-12T11:06:09,CUS-104,XLSX,4441,4441,0,SUCCESS,,28558,v3.4
BATCH-0324,2026-02-12T11:34:24,CUS-101,TSV,4785,3627,1158,PARSE_ERROR,BUSINESS_RULE,11459,v3.0
BATCH-0240,2026-02-12T11:48:17,CUS-101,XML,3580,3580,0,SUCCESS,,30215,v3.0
BATCH-0119,2026-02-12T11:55:42,CUS-104,CSV,4968,2840,2128,WARNING_PROCEED,,7589,v2.1
BATCH-0428,2026-02-12T12:08:06,CUS-101,XML,4181,4181,0,SUCCESS,,28311,v2.4
BATCH-0138,2026-02-12T13:49:21,CUS-105,CSV,2791,1217,1574,PARSE_ERROR,SCHEMA,37366,v3.2
BATCH-0256,2026-02-12T14:14:51,CUS-104,XML,3590,3590,0,SUCCESS,,26724,v2.4
BATCH-0107,2026-02-12T14:15:54,CUS-103,CSV,3059,2139,920,TIMEOUT,AI_SEMANTIC,123968,v3.2
BATCH-0123,2026-02-12T14:21:10,CUS-103,XLSX,4699,3420,1279,VALIDATION_FAILED,SCHEMA,10996,v2.4
BATCH-0414,2026-02-12T14:22:49,CUS-103,TSV,1489,1489,0,SUCCESS,,43106,v2.2
BATCH-0494,2026-02-12T14:25:00,CUS-101,XLSX,4290,4290,0,SUCCESS,,9652,v3.0
BATCH-0112,2026-02-12T14:49:23,CUS-105,CSV,1864,1864,0,SUCCESS,,41111,v2.4
BATCH-0374,2026-02-12T15:07:56,CUS-104,TSV,2193,2193,0,SUCCESS,,43724,v3.0
BATCH-0023,2026-02-12T15:30:13,CUS-104,CSV,67,67,0,SUCCESS,,26386,v3.3
BATCH-0180,2026-02-12T15:56:19,CUS-104,CSV,3271,3271,0,SUCCESS,,33924,v3.1
BATCH-0130,2026-02-12T16:05:25,CUS-103,XLSX,1427,1427,0,SUCCESS,,5805,v2.4
BATCH-0147,2026-02-12T16:09:53,CUS-104,CSV,1868,1586,282,WARNING_PROCEED,,23710,v2.3
BATCH-0292,2026-02-12T16:23:03,CUS-104,XML,2139,2139,0,SUCCESS,,7543,v2.1
BATCH-0311,2026-02-12T17:30:03,CUS-101,XLSX,3484,3484,0,SUCCESS,,13871,v2.4
BATCH-0443,2026-02-12T18:00:16,CUS-102,TSV,4626,4626,0,SUCCESS,,5543,v3.2
BATCH-0452,2026-02-12T18:06:20,CUS-103,XLSX,2203,2203,0,SUCCESS,,16341,v3.3
BATCH-0094,2026-02-12T18:43:50,CUS-102,XML,3183,3183,0,SUCCESS,,41413,v2.3
BATCH-0356,2026-02-12T18:57:58,CUS-104,XML,1527,1527,0,SUCCESS,,6096,v3.2
BATCH-0259,2026-02-12T19:25:37,CUS-101,XLSX,3800,3800,0,SUCCESS,,41259,v2.2
BATCH-0161,2026-02-12T19:45:27,CUS-102,TSV,396,396,0,SUCCESS,,23905,v3.2
BATCH-0457,2026-02-12T20:06:28,CUS-103,XLSX,4640,4640,0,SUCCESS,,37335,v3.2
BATCH-0049,2026-02-12T20:15:17,CUS-104,CSV,1970,1082,888,VALIDATION_FAILED,AI_SEMANTIC,36199,v2.1
BATCH-0194,2026-02-12T20:16:47,CUS-104,XML,4462,4462,0,SUCCESS,,18568,v3.1
BATCH-0404,2026-02-12T20:25:27,CUS-103,CSV,1019,1019,0,SUCCESS,,35850,v2.4
BATCH-0080,2026-02-12T20:52:31,CUS-101,TSV,2780,2780,0,SUCCESS,,21840,v2.1
BATCH-0202,2026-02-12T21:06:11,CUS-102,TSV,2082,2082,0,SUCCESS,,1247,v3.3
BATCH-0221,2026-02-12T21:38:38,CUS-101,CSV,4863,4863,0,SUCCESS,,44804,v2.3
BATCH-0386,2026-02-12T21:38:38,CUS-103,TSV,2083,2083,0,SUCCESS,,18730,v3.2
BATCH-0066,2026-02-12T22:15:19,CUS-105,XLSX,4399,4399,0,SUCCESS,,23328,v3.4
BATCH-0085,2026-02-12T22:18:32,CUS-103,TSV,3918,2092,1826,BLOCKER,BUSINESS_RULE,25938,v2.4
BATCH-0077,2026-02-12T22:19:44,CUS-104,XLSX,4095,4095,0,SUCCESS,,29488,v2.4
BATCH-0128,2026-02-12T23:02:27,CUS-101,TSV,2614,1873,741,WARNING_PROCEED,,38378,v3.3
BATCH-0021,2026-02-12T23:21:51,CUS-101,XML,4443,4443,0,SUCCESS,,30200,v2.3
BATCH-0043,2026-02-13T00:19:18,CUS-102,TSV,2689,1763,926,PARSE_ERROR,API_CONTRACT,14805,v3.1
BATCH-0445,2026-02-13T00:30:07,CUS-103,CSV,1855,1855,0,SUCCESS,,15868,v3.3
BATCH-0331,2026-02-13T01:09:48,CUS-101,CSV,4485,2815,1670,VALIDATION_FAILED,BUSINESS_RULE,37080,v2.3
BATCH-0134,2026-02-13T01:22:32,CUS-101,XLSX,358,358,0,SUCCESS,,4528,v3.2
BATCH-0079,2026-02-13T01:48:48,CUS-102,TSV,3672,3672,0,SUCCESS,,19029,v2.4
BATCH-0210,2026-02-13T01:59:57,CUS-101,TSV,3399,3399,0,SUCCESS,,12595,v2.3
BATCH-0408,2026-02-13T02:19:13,CUS-103,XML,4248,4248,0,SUCCESS,,10135,v2.1
BATCH-0326,2026-02-13T02:21:38,CUS-105,TSV,3583,3290,293,VALIDATION_FAILED,BUSINESS_RULE,40601,v2.0
BATCH-0026,2026-02-13T02:54:11,CUS-101,CSV,1976,1229,747,VALIDATION_FAILED,BUSINESS_RULE,38740,v2.4
BATCH-0029,2026-02-13T03:04:34,CUS-102,XLSX,2909,2909,0,SUCCESS,,5308,v2.2
BATCH-0301,2026-02-13T03:32:08,CUS-104,CSV,560,560,0,SUCCESS,,29307,v2.1
BATCH-0337,2026-02-13T03:50:18,CUS-105,XLSX,2213,1351,862,WARNING_PROCEED,,32623,v3.0
BATCH-0095,2026-02-13T04:14:29,CUS-103,TSV,126,126,0,SUCCESS,,31290,v3.4
BATCH-0177,2026-02-13T04:20:55,CUS-103,XLSX,1121,917,204,WARNING_PROCEED,,34549,v2.2
BATCH-0483,2026-02-13T04:28:18,CUS-103,XLSX,4194,4194,0,SUCCESS,,25640,v2.0
BATCH-0132,2026-02-13T04:48:48,CUS-101,XML,4097,2684,1413,WARNING_PROCEED,,37744,v3.4
BATCH-0341,2026-02-13T05:04:19,CUS-105,TSV,4344,4344,0,TIMEOUT,,132632,v2.0
BATCH-0363,2026-02-13T05:07:23,CUS-101,TSV,2145,1767,378,WARNING_PROCEED,,41637,v2.4
BATCH-0447,2026-02-13T05:30:20,CUS-103,XML,2254,1128,1126,WARNING_PROCEED,,13262,v3.1
BATCH-0247,2026-02-13T06:37:34,CUS-102,CSV,3831,3519,312,WARNING_PROCEED,,14539,v3.2
BATCH-0359,2026-02-13T06:46:23,CUS-101,XLSX,4400,2221,2179,PARSE_ERROR,SCHEMA,41870,v2.1
BATCH-0131,2026-02-13T06:57:49,CUS-103,XLSX,1259,667,592,VALIDATION_FAILED,BUSINESS_RULE,17575,v2.1
BATCH-0399,2026-02-13T07:02:43,CUS-103,TSV,978,598,380,WARNING_PROCEED,,36204,v3.0
BATCH-0226,2026-02-13T07:31:35,CUS-103,XLSX,4052,3774,278,PARSE_ERROR,API_CONTRACT,31000,v2.2
BATCH-0152,2026-02-13T07:45:09,CUS-103,TSV,2940,2940,0,SUCCESS,,16565,v3.1
BATCH-0395,2026-02-13T08:08:10,CUS-105,XLSX,3870,3870,0,TIMEOUT,,141143,v2.4
BATCH-0183,2026-02-13T09:04:24,CUS-105,TSV,2341,1999,342,PARSE_ERROR,SCHEMA,9232,v3.2
BATCH-0166,2026-02-13T09:44:58,CUS-104,XML,656,656,0,SUCCESS,,30425,v2.3
BATCH-0442,2026-02-13T09:46:53,CUS-105,XLSX,2315,2315,0,SUCCESS,,15630,v2.3
BATCH-0453,2026-02-13T10:23:11,CUS-104,TSV,3099,3099,0,SUCCESS,,24725,v3.2
BATCH-0295,2026-02-13T11:07:32,CUS-101,XML,4275,4275,0,SUCCESS,,3809,v3.0
BATCH-0469,2026-02-13T11:12:26,CUS-105,TSV,1387,1387,0,SUCCESS,,43135,v3.1
BATCH-0420,2026-02-13T11:24:30,CUS-104,CSV,2704,2704,0,SUCCESS,,7564,v3.2
BATCH-0400,2026-02-13T11:32:51,CUS-105,TSV,2478,2478,0,TIMEOUT,,153678,v2.0
BATCH-0484,2026-02-13T11:49:39,CUS-102,XLSX,4465,3797,668,VALIDATION_FAILED,BUSINESS_RULE,35145,v3.4
BATCH-0416,2026-02-13T12:49:37,CUS-102,CSV,4502,4502,0,SUCCESS,,36168,v3.1
BATCH-0103,2026-02-13T12:52:40,CUS-103,CSV,3912,1618,2294,VALIDATION_FAILED,AI_SEMANTIC,40782,v2.0
BATCH-0438,2026-02-13T13:05:04,CUS-103,XML,359,359,0,SUCCESS,,25987,v3.4
BATCH-0060,2026-02-13T13:42:23,CUS-101,XLSX,3491,3491,0,SUCCESS,,32925,v2.3
BATCH-0309,2026-02-13T13:52:46,CUS-104,TSV,3545,3545,0,SUCCESS,,12125,v3.1
BATCH-0466,2026-02-13T14:40:47,CUS-105,TSV,4422,4422,0,SUCCESS,,21093,v3.4
BATCH-0317,2026-02-13T15:00:21,CUS-105,XML,2841,2256,585,TIMEOUT,AI_SEMANTIC,158444,v2.0
BATCH-0188,2026-02-13T15:10:33,CUS-105,TSV,2034,2034,0,SUCCESS,,2869,v2.1
BATCH-0032,2026-02-13T15:16:57,CUS-101,CSV,2316,982,1334,VALIDATION_FAILED,AI_SEMANTIC,9373,v3.1
BATCH-0224,2026-02-13T15:29:06,CUS-104,XLSX,3086,1765,1321,WARNING_PROCEED,,3796,v2.1
BATCH-0373,2026-02-13T15:51:36,CUS-104,XML,2987,2987,0,SUCCESS,,40865,v2.1
BATCH-0040,2026-02-13T16:07:24,CUS-105,XML,3622,3622,0,SUCCESS,,910,v2.2
BATCH-0115,2026-02-13T16:18:29,CUS-105,TSV,987,987,0,SUCCESS,,43707,v2.3
BATCH-0336,2026-02-13T16:50:26,CUS-101,TSV,4691,4691,0,SUCCESS,,39330,v2.0
BATCH-0333,2026-02-13T16:51:36,CUS-105,XML,3728,3728,0,SUCCESS,,12129,v2.1
BATCH-0034,2026-02-13T17:09:27,CUS-102,CSV,376,376,0,SUCCESS,,24249,v2.1
BATCH-0436,2026-02-13T17:30:16,CUS-103,XLSX,3311,2664,647,PARSE_ERROR,SCHEMA,15858,v3.1
BATCH-0421,2026-02-13T17:36:11,CUS-104,TSV,687,687,0,SUCCESS,,34660,v3.3
BATCH-0260,2026-02-13T18:05:43,CUS-102,XLSX,2551,2551,0,SUCCESS,,8464,v2.2
BATCH-0054,2026-02-13T18:42:01,CUS-101,TSV,3832,3832,0,SUCCESS,,12709,v2.2
BATCH-0217,2026-02-13T18:56:47,CUS-102,TSV,434,434,0,SUCCESS,,23371,v3.4
BATCH-0073,2026-02-13T19:03:39,CUS-101,XML,2217,1692,525,VALIDATION_FAILED,BUSINESS_RULE,16519,v2.4
BATCH-0199,2026-02-13T19:06:59,CUS-103,XLSX,4500,4500,0,SUCCESS,,35161,v3.1
BATCH-0426,2026-02-13T20:01:56,CUS-103,CSV,3911,3911,0,SUCCESS,,32366,v2.1
BATCH-0461,2026-02-13T20:25:17,CUS-104,XLSX,4317,4019,298,PARSE_ERROR,API_CONTRACT,11765,v2.0
BATCH-0193,2026-02-13T21:34:24,CUS-104,XLSX,1249,699,550,WARNING_PROCEED,,19650,v2.2
BATCH-0216,2026-02-13T21:52:20,CUS-102,XLSX,4320,2253,2067,WARNING_PROCEED,,20493,v3.0
BATCH-0366,2026-02-13T22:08:26,CUS-101,CSV,920,920,0,SUCCESS,,33419,v2.4
BATCH-0500,2026-02-13T22:14:09,CUS-101,TSV,4925,3528,1397,WARNING_PROCEED,,6703,v2.3
BATCH-0392,2026-02-13T22:18:44,CUS-101,TSV,2611,2611,0,SUCCESS,,36984,v2.0
BATCH-0351,2026-02-13T22:36:52,CUS-102,XLSX,1871,1454,417,VALIDATION_FAILED,API_CONTRACT,44831,v3.4
BATCH-0058,2026-02-13T23:45:07,CUS-102,XLSX,260,260,0,SUCCESS,,21244,v3.3
BATCH-0086,2026-02-13T23:56:08,CUS-101,XLSX,3449,2024,1425,PARSE_ERROR,AI_SEMANTIC,968,v3.2
BATCH-0209,2026-02-14T00:25:16,CUS-101,XML,421,421,0,SUCCESS,,28567,v3.0
BATCH-0233,2026-02-14T00:44:10,CUS-101,TSV,2763,1965,798,WARNING_PROCEED,,7049,v2.1
BATCH-0275,2026-02-14T01:02:06,CUS-104,CSV,1344,1344,0,SUCCESS,,29720,v3.0
BATCH-0162,2026-02-14T01:04:42,CUS-104,XLSX,1360,1360,0,SUCCESS,,2840,v2.4
BATCH-0215,2026-02-14T01:25:28,CUS-102,XML,512,244,268,PARSE_ERROR,AI_SEMANTIC,16146,v3.4
BATCH-0385,2026-02-14T01:35:59,CUS-104,TSV,1501,1171,330,WARNING_PROCEED,,12180,v2.0
BATCH-0335,2026-02-14T02:05:24,CUS-105,TSV,2312,2312,0,SUCCESS,,34858,v2.4
BATCH-0044,2026-02-14T02:18:32,CUS-105,XLSX,1974,1974,0,SUCCESS,,44892,v2.1
BATCH-0232,2026-02-14T02:41:54,CUS-101,CSV,3139,3139,0,SUCCESS,,37021,v3.0
BATCH-0278,2026-02-14T03:00:13,CUS-104,CSV,1902,1902,0,SUCCESS,,34842,v3.0
BATCH-0001,2026-02-14T03:01:47,CUS-103,XML,889,889,0,SUCCESS,,36541,v2.4
BATCH-0270,2026-02-14T03:08:48,CUS-104,CSV,1089,855,234,TIMEOUT,BUSINESS_RULE,136362,v2.2
BATCH-0035,2026-02-14T03:22:49,CUS-105,TSV,1316,1196,120,WARNING_PROCEED,,16314,v2.3
BATCH-0204,2026-02-14T03:29:19,CUS-102,TSV,2597,2024,573,VALIDATION_FAILED,AI_SEMANTIC,24887,v2.1
BATCH-0255,2026-02-14T03:43:51,CUS-102,XML,4571,4571,0,SUCCESS,,11294,v3.4
BATCH-0365,2026-02-14T04:13:44,CUS-101,XLSX,877,877,0,SUCCESS,,44216,v3.4
BATCH-0261,2026-02-14T04:32:24,CUS-104,XML,3515,3515,0,SUCCESS,,12973,v3.4
BATCH-0350,2026-02-14T04:46:01,CUS-104,XLSX,3478,3478,0,SUCCESS,,27315,v3.0
BATCH-0430,2026-02-14T04:57:38,CUS-105,CSV,3584,2462,1122,WARNING_PROCEED,,25073,v3.1
BATCH-0137,2026-02-14T05:02:15,CUS-104,TSV,1350,1350,0,SUCCESS,,24648,v3.2
BATCH-0357,2026-02-14T05:20:40,CUS-101,CSV,1765,1765,0,SUCCESS,,11849,v2.3
BATCH-0281,2026-02-14T05:28:22,CUS-102,XML,3674,3207,467,WARNING_PROCEED,,6481,v2.1
BATCH-0481,2026-02-14T06:01:44,CUS-104,XLSX,2103,1880,223,VALIDATION_FAILED,API_CONTRACT,29472,v3.4
BATCH-0059,2026-02-14T06:04:37,CUS-102,CSV,2520,2186,334,VALIDATION_FAILED,SCHEMA,37888,v2.2
BATCH-0388,2026-02-14T06:12:13,CUS-105,XLSX,1136,1067,69,VALIDATION_FAILED,BUSINESS_RULE,33823,v3.0
BATCH-0345,2026-02-14T06:17:41,CUS-104,CSV,122,80,42,WARNING_PROCEED,,9471,v2.4
BATCH-0136,2026-02-14T06:20:38,CUS-104,XML,3740,1708,2032,WARNING_PROCEED,,23307,v2.4
BATCH-0223,2026-02-14T06:25:58,CUS-102,XLSX,3168,2079,1089,PARSE_ERROR,AI_SEMANTIC,21012,v3.2
BATCH-0099,2026-02-14T06:39:16,CUS-102,CSV,372,212,160,WARNING_PROCEED,,29689,v2.4
BATCH-0192,2026-02-14T06:44:45,CUS-104,XLSX,4641,4641,0,SUCCESS,,18721,v3.0
BATCH-0197,2026-02-14T06:48:18,CUS-103,XLSX,782,593,189,VALIDATION_FAILED,BUSINESS_RULE,35871,v2.1
BATCH-0490,2026-02-14T07:34:24,CUS-102,XML,2087,2087,0,SUCCESS,,38157,v2.4
BATCH-0393,2026-02-14T08:12:39,CUS-104,XML,3062,2496,566,WARNING_PROCEED,,36622,v2.1
BATCH-0117,2026-02-14T08:23:09,CUS-104,CSV,749,749,0,SUCCESS,,6909,v3.0
BATCH-0230,2026-02-14T08:34:18,CUS-101,TSV,1518,696,822,BLOCKER,SCHEMA,35166,v2.1
BATCH-0329,2026-02-14T09:05:30,CUS-101,XLSX,3907,2613,1294,PARSE_ERROR,AI_SEMANTIC,6772,v3.1
BATCH-0460,2026-02-14T10:26:40,CUS-105,TSV,634,281,353,TIMEOUT,,140766,v3.2
BATCH-0360,2026-02-14T11:19:08,CUS-101,TSV,2557,2557,0,SUCCESS,,11745,v2.0
BATCH-0268,2026-02-14T11:55:45,CUS-105,TSV,1190,1190,0,SUCCESS,,14341,v2.4
BATCH-0378,2026-02-14T12:25:52,CUS-102,CSV,4744,4744,0,SUCCESS,,30166,v2.3
BATCH-0487,2026-02-14T12:42:31,CUS-105,XLSX,1858,1858,0,SUCCESS,,40511,v2.1
BATCH-0160,2026-02-14T13:05:27,CUS-105,XML,2681,2681,0,TIMEOUT,,163314,v3.2
BATCH-0065,2026-02-14T13:31:35,CUS-102,TSV,4070,2631,1439,VALIDATION_FAILED,SCHEMA,6898,v3.1
BATCH-0249,2026-02-14T13:50:24,CUS-101,TSV,3975,2862,1113,TIMEOUT,API_CONTRACT,155628,v2.2
BATCH-0163,2026-02-14T14:02:08,CUS-101,XML,3050,1827,1223,PARSE_ERROR,SCHEMA,40455,v2.3
BATCH-0264,2026-02-14T14:31:10,CUS-101,CSV,1856,1040,816,PARSE_ERROR,AI_SEMANTIC,15535,v3.1
BATCH-0005,2026-02-14T14:34:07,CUS-104,CSV,3012,3012,0,SUCCESS,,38637,v2.0
BATCH-0033,2026-02-14T14:35:45,CUS-104,CSV,1271,1271,0,SUCCESS,,36555,v2.2
BATCH-0159,2026-02-14T14:57:24,CUS-103,XML,4125,4125,0,SUCCESS,,24874,v3.0
BATCH-0104,2026-02-14T14:58:44,CUS-103,TSV,421,421,0,SUCCESS,,3238,v3.3
BATCH-0482,2026-02-14T15:12:36,CUS-102,XLSX,3887,3887,0,SUCCESS,,18843,v2.0
BATCH-0120,2026-02-14T15:14:54,CUS-101,XLSX,3061,1417,1644,WARNING_PROCEED,,19056,v2.3
BATCH-0016,2026-02-14T15:35:10,CUS-103,TSV,4467,3642,825,WARNING_PROCEED,,13982,v3.3
BATCH-0372,2026-02-14T15:51:26,CUS-102,CSV,530,530,0,SUCCESS,,11246,v2.3
BATCH-0488,2026-02-14T15:59:56,CUS-101,TSV,547,327,220,BLOCKER,API_CONTRACT,24987,v2.4
BATCH-0293,2026-02-14T16:00:02,CUS-101,XML,3031,3031,0,SUCCESS,,25898,v2.1
BATCH-0425,2026-02-14T16:02:57,CUS-105,XML,2165,2165,0,SUCCESS,,12598,v3.4
BATCH-0439,2026-02-14T16:18:45,CUS-105,CSV,1485,1116,369,TIMEOUT,,175742,v3.1
BATCH-0025,2026-02-14T17:03:47,CUS-103,CSV,3955,3955,0,SUCCESS,,33754,v2.0
BATCH-0069,2026-02-14T17:08:17,CUS-101,CSV,1084,1084,0,SUCCESS,,42603,v3.0
BATCH-0173,2026-02-14T17:17:08,CUS-103,CSV,1431,1431,0,SUCCESS,,39584,v2.1
BATCH-0491,2026-02-14T17:26:47,CUS-101,XLSX,3548,3141,407,VALIDATION_FAILED,BUSINESS_RULE,12622,v3.4
BATCH-0477,2026-02-14T17:33:07,CUS-103,TSV,1677,1003,674,VALIDATION_FAILED,SCHEMA,44492,v2.0
BATCH-0250,2026-02-14T17:38:40,CUS-101,CSV,2958,1453,1505,PARSE_ERROR,SCHEMA,37711,v3.2
BATCH-0171,2026-02-14T18:11:49,CUS-102,TSV,503,503,0,SUCCESS,,8937,v2.2
BATCH-0208,2026-02-14T18:31:05,CUS-105,TSV,3764,1778,1986,BLOCKER,API_CONTRACT,30736,v3.2
BATCH-0320,2026-02-14T18:52:11,CUS-104,XLSX,2462,1157,1305,VALIDATION_FAILED,SCHEMA,38341,v3.4
BATCH-0348,2026-02-14T19:38:18,CUS-103,CSV,2804,2804,0,SUCCESS,,18919,v3.2
BATCH-0174,2026-02-14T19:46:57,CUS-105,XLSX,4667,1972,2695,TIMEOUT,,162038,v3.1
BATCH-0206,2026-02-14T19:55:50,CUS-101,TSV,3013,3013,0,SUCCESS,,5918,v2.0
BATCH-0017,2026-02-14T20:23:28,CUS-105,TSV,1890,1890,0,SUCCESS,,4996,v2.4
BATCH-0244,2026-02-14T20:31:38,CUS-105,XML,1159,1159,0,TIMEOUT,,145932,v3.4
BATCH-0133,2026-02-14T20:39:20,CUS-103,XML,3891,3891,0,SUCCESS,,29780,v3.2
BATCH-0262,2026-02-14T20:59:11,CUS-105,XML,1199,1199,0,SUCCESS,,13061,v3.4
BATCH-0153,2026-02-14T21:05:33,CUS-103,CSV,4507,3060,1447,WARNING_PROCEED,,34067,v2.3
BATCH-0449,2026-02-14T21:31:39,CUS-101,CSV,3090,2290,800,WARNING_PROCEED,,33066,v3.3
BATCH-0375,2026-02-14T21:33:49,CUS-105,XML,2821,1933,888,TIMEOUT,,163366,v2.3
BATCH-0344,2026-02-14T22:05:18,CUS-101,TSV,4737,4737,0,SUCCESS,,14845,v2.1
BATCH-0106,2026-02-14T23:09:56,CUS-104,CSV,3393,3109,284,BLOCKER,AI_SEMANTIC,2944,v3.1
BATCH-0013,2026-02-14T23:16:32,CUS-102,CSV,2494,2152,342,WARNING_PROCEED,,34070,v2.1
BATCH-0118,2026-02-14T23:23:51,CUS-102,CSV,4650,4650,0,SUCCESS,,37610,v3.0
BATCH-0346,2026-02-15T00:14:16,CUS-105,XLSX,2305,1459,846,VALIDATION_FAILED,API_CONTRACT,23653,v2.3
BATCH-0214,2026-02-15T00:15:13,CUS-101,CSV,3707,3707,0,SUCCESS,,39976,v2.1
BATCH-0312,2026-02-15T00:24:50,CUS-103,TSV,4020,4020,0,SUCCESS,,23346,v3.3
BATCH-0070,2026-02-15T00:36:18,CUS-104,TSV,1560,1560,0,SUCCESS,,4167,v3.3
BATCH-0082,2026-02-15T00:42:55,CUS-105,TSV,1586,1586,0,SUCCESS,,34776,v3.3
BATCH-0012,2026-02-15T00:43:46,CUS-101,XLSX,2836,1308,1528,PARSE_ERROR,API_CONTRACT,11165,v3.0
BATCH-0083,2026-02-15T01:13:17,CUS-105,XML,3639,3218,421,TIMEOUT,,161289,v2.1
BATCH-0325,2026-02-15T01:18:01,CUS-103,XLSX,657,386,271,WARNING_PROCEED,,25406,v2.0
BATCH-0294,2026-02-15T01:35:51,CUS-104,XML,3459,3459,0,SUCCESS,,21767,v3.0
BATCH-0266,2026-02-15T01:48:46,CUS-104,XML,888,714,174,TIMEOUT,BUSINESS_RULE,139510,v2.3
BATCH-0498,2026-02-15T01:58:49,CUS-103,XLSX,3607,2269,1338,WARNING_PROCEED,,8699,v2.4
BATCH-0286,2026-02-15T02:01:37,CUS-101,CSV,376,376,0,SUCCESS,,4762,v3.4
BATCH-0358,2026-02-15T02:08:39,CUS-104,TSV,3960,3960,0,SUCCESS,,25921,v2.0
BATCH-0471,2026-02-15T02:11:08,CUS-103,CSV,3759,2066,1693,VALIDATION_FAILED,API_CONTRACT,13106,v3.0
BATCH-0282,2026-02-15T03:37:46,CUS-104,XLSX,2626,2192,434,WARNING_PROCEED,,17038,v3.0
BATCH-0076,2026-02-15T04:04:03,CUS-102,XLSX,4712,4712,0,SUCCESS,,19714,v3.0
BATCH-0110,2026-02-15T04:08:34,CUS-103,XML,261,261,0,SUCCESS,,9437,v2.2
BATCH-0486,2026-02-15T04:11:55,CUS-101,XML,1619,1619,0,SUCCESS,,7271,v2.4
BATCH-0141,2026-02-15T04:42:44,CUS-105,CSV,3518,2391,1127,VALIDATION_FAILED,SCHEMA,24563,v2.2
BATCH-0415,2026-02-15T04:57:34,CUS-102,XLSX,676,540,136,VALIDATION_FAILED,SCHEMA,34038,v2.4
BATCH-0315,2026-02-15T05:11:15,CUS-105,XLSX,2989,2698,291,BLOCKER,SCHEMA,23847,v2.4
BATCH-0353,2026-02-15T05:43:57,CUS-103,CSV,1879,1879,0,SUCCESS,,20925,v3.2
BATCH-0334,2026-02-15T06:08:02,CUS-104,CSV,3616,1847,1769,TIMEOUT,BUSINESS_RULE,174664,v3.2
BATCH-0362,2026-02-15T06:10:58,CUS-104,CSV,1124,1124,0,SUCCESS,,14640,v2.4
BATCH-0298,2026-02-15T07:09:00,CUS-104,CSV,2887,2887,0,SUCCESS,,42477,v2.2
BATCH-0111,2026-02-15T07:37:20,CUS-101,XML,1088,1088,0,SUCCESS,,28388,v2.0
BATCH-0271,2026-02-15T07:48:53,CUS-104,TSV,2251,2251,0,SUCCESS,,41944,v3.3
BATCH-0015,2026-02-15T09:15:03,CUS-102,CSV,4031,4031,0,SUCCESS,,5335,v2.1
BATCH-0235,2026-02-15T10:01:13,CUS-105,XML,3312,3016,296,PARSE_ERROR,AI_SEMANTIC,11446,v3.4
BATCH-0004,2026-02-15T10:06:05,CUS-104,CSV,2867,2867,0,SUCCESS,,40365,v3.0
BATCH-0305,2026-02-15T10:09:05,CUS-102,XLSX,451,451,0,SUCCESS,,20384,v3.1
BATCH-0184,2026-02-15T10:35:23,CUS-102,XML,3338,3338,0,SUCCESS,,33573,v2.0
BATCH-0465,2026-02-15T10:55:30,CUS-104,XLSX,1156,1156,0,SUCCESS,,36142,v2.4
BATCH-0168,2026-02-15T11:32:14,CUS-101,XML,1989,1660,329,PARSE_ERROR,SCHEMA,24451,v3.3
BATCH-0389,2026-02-15T11:35:30,CUS-105,TSV,4423,2464,1959,VALIDATION_FAILED,API_CONTRACT,1636,v2.3
BATCH-0441,2026-02-15T12:22:42,CUS-104,TSV,4291,4291,0,SUCCESS,,1807,v2.0
BATCH-0052,2026-02-15T12:54:57,CUS-104,XML,2285,2285,0,SUCCESS,,29362,v3.0
BATCH-0251,2026-02-15T13:06:00,CUS-101,XLSX,4299,4299,0,SUCCESS,,37368,v2.3
BATCH-0427,2026-02-15T13:38:09,CUS-105,XML,4234,2309,1925,VALIDATION_FAILED,AI_SEMANTIC,30518,v2.1
BATCH-0090,2026-02-15T14:06:33,CUS-104,CSV,3408,2995,413,VALIDATION_FAILED,BUSINESS_RULE,5703,v3.2
BATCH-0406,2026-02-15T14:24:25,CUS-101,TSV,1851,1851,0,SUCCESS,,9737,v3.4
BATCH-0265,2026-02-15T14:36:47,CUS-104,CSV,2244,2244,0,SUCCESS,,36393,v3.4
BATCH-0154,2026-02-15T15:02:40,CUS-104,XLSX,183,183,0,SUCCESS,,24202,v2.2
BATCH-0097,2026-02-15T15:06:15,CUS-104,XLSX,2468,2468,0,SUCCESS,,2237,v3.2
BATCH-0497,2026-02-15T15:11:31,CUS-105,CSV,2510,2510,0,SUCCESS,,3249,v3.0
BATCH-0142,2026-02-15T15:12:14,CUS-102,XML,878,878,0,SUCCESS,,34071,v2.2
BATCH-0431,2026-02-15T15:50:49,CUS-104,XLSX,4769,4769,0,SUCCESS,,7203,v3.1
BATCH-0101,2026-02-15T15:51:18,CUS-103,CSV,666,666,0,SUCCESS,,10024,v2.3
BATCH-0377,2026-02-15T15:54:31,CUS-102,CSV,2676,1424,1252,PARSE_ERROR,AI_SEMANTIC,4099,v2.4
BATCH-0125,2026-02-15T16:07:22,CUS-104,CSV,4908,4908,0,SUCCESS,,32691,v3.0
BATCH-0332,2026-02-15T16:26:34,CUS-104,XML,696,696,0,SUCCESS,,26673,v2.4
BATCH-0200,2026-02-15T16:29:17,CUS-102,CSV,3809,3809,0,SUCCESS,,43286,v3.1
BATCH-0318,2026-02-15T16:55:23,CUS-101,XLSX,3290,2376,914,VALIDATION_FAILED,AI_SEMANTIC,20576,v3.1
BATCH-0169,2026-02-15T17:08:39,CUS-101,CSV,3971,3971,0,SUCCESS,,35251,v3.3
BATCH-0102,2026-02-15T17:23:05,CUS-104,CSV,1062,1062,0,SUCCESS,,30604,v3.2
BATCH-0088,2026-02-15T17:24:29,CUS-103,XML,2006,1433,573,TIMEOUT,BUSINESS_RULE,176099,v3.0
BATCH-0062,2026-02-15T17:49:30,CUS-104,TSV,4903,2684,2219,BLOCKER,BUSINESS_RULE,6479,v3.3
BATCH-0121,2026-02-15T17:49:52,CUS-105,CSV,2240,2240,0,TIMEOUT,,166052,v3.2
BATCH-0207,2026-02-15T17:57:32,CUS-102,XML,4312,4312,0,SUCCESS,,29756,v2.1
BATCH-0170,2026-02-15T18:04:08,CUS-103,CSV,4288,4288,0,SUCCESS,,23378,v2.4
BATCH-0109,2026-02-15T18:13:04,CUS-105,XML,1958,1958,0,SUCCESS,,22332,v2.2
BATCH-0175,2026-02-15T18:26:39,CUS-101,TSV,4519,2527,1992,WARNING_PROCEED,,20598,v3.1
BATCH-0087,2026-02-15T18:37:42,CUS-104,XML,4017,4017,0,SUCCESS,,23418,v3.4
BATCH-0143,2026-02-15T19:08:38,CUS-104,XML,1406,1406,0,SUCCESS,,29483,v2.3
BATCH-0380,2026-02-15T19:39:40,CUS-103,XML,3787,3494,293,VALIDATION_FAILED,AI_SEMANTIC,4356,v2.3
BATCH-0158,2026-02-15T20:12:18,CUS-103,CSV,2769,1523,1246,WARNING_PROCEED,,24918,v3.3
BATCH-0493,2026-02-15T20:27:52,CUS-103,XML,1802,1802,0,SUCCESS,,25380,v3.2
BATCH-0228,2026-02-15T21:03:48,CUS-101,TSV,1945,1945,0,SUCCESS,,5254,v2.0
BATCH-0396,2026-02-15T21:19:31,CUS-105,XLSX,2653,2653,0,TIMEOUT,,132050,v2.4
BATCH-0370,2026-02-15T21:20:27,CUS-101,CSV,425,172,253,WARNING_PROCEED,,9869,v2.2
BATCH-0176,2026-02-15T21:25:19,CUS-104,CSV,1344,862,482,VALIDATION_FAILED,API_CONTRACT,31237,v2.2
BATCH-0156,2026-02-15T21:29:44,CUS-104,XML,566,449,117,BLOCKER,API_CONTRACT,3223,v3.1
BATCH-0248,2026-02-15T22:04:52,CUS-104,TSV,2530,2530,0,SUCCESS,,16661,v3.1
BATCH-0479,2026-02-15T22:30:44,CUS-105,XML,783,783,0,TIMEOUT,,125990,v3.0
BATCH-0402,2026-02-15T22:56:47,CUS-104,CSV,1309,540,769,PARSE_ERROR,AI_SEMANTIC,3282,v2.0
BATCH-0455,2026-02-15T23:09:30,CUS-101,XML,1151,1151,0,SUCCESS,,42130,v3.3
